Họ,Tên,Email cá nhân,Số điện thoại,Mật khẩu
,Tiên,thuytien1@gmail.com,348767876,Tien12
Phạm,,thuytien1@gmail.com,348767876,Tien13
Pham,Tien,,348767877,Tien14
Pham,Tien,thuytien9@gmail.com,,Tien15
Pham,Tien,thuytien9@gmail.com,348767877,
Pham,Tien,thuytien010524@gmail.com,348767878,Tien16
Pham,Tien,thuytien8@gmail.com,32,Tien17
Pham,Tien,thuytien8@gmail.com,365746537,Ti
Pham,Linh,thuytien10gmail.com,328765456,Tien13
Pham,Linh,thuytien@@gamail.com,329878765,Tien13
Pham,Linh,thuytien@@gamail..com,329875456,Tien13
Pham,Linh,thuytien@,328765676,Tien13
Pham@,Linh,thuytien17@gmail.com,328765456,Tien13
Pham,Linh,thuytien15@gmail.com,1234567890,Tien13
Pham,Linh,thuytien10@gmail.com,328876786,Tien13
